date,day,remaining_days,increment_percent,increment_value,projected_balance,actual_balance,difference,difference_percent
2025-05-01,0,782,0.0033,-,1_046_810.00,1_050_154.00,3_344.00,0.32%
2025-05-02,1,781,0.0033,3_454.47,1_050_264.47,1_054_185.00,3_920.53,0.37%
2025-05-05,2,780,0.0033,3_465.87,1_053_730.35,-,-,-
2025-05-06,3,779,0.0033,3_477.31,1_057_207.66,-,-,-
2025-05-07,4,778,0.0033,3_488.79,1_060_696.44,977_776.00,-82_920.44,-7.82%
2025-05-08,5,777,0.0033,3_500.30,1_064_196.74,977_776.00,-86_420.74,-8.12%
2025-05-09,6,776,0.0033,3_511.85,1_067_708.59,1_041_347.00,-26_361.59,-2.47%
2025-05-12,7,775,0.0033,3_523.44,1_071_232.03,1_081_620.00,10_387.97,0.97%
2025-05-13,8,774,0.0033,3_535.07,1_074_767.09,1_028_293.00,-46_474.09,-4.32%
2025-05-14,9,773,0.0033,3_546.73,1_078_313.82,1_056_809.00,-21_504.82,-1.99%
2025-05-15,10,772,0.0033,3_558.44,1_081_872.26,-,-,-
2025-05-16,11,771,0.0033,3_570.18,1_085_442.44,-,-,-
2025-05-19,12,770,0.0033,3_581.96,1_089_024.40,935_131.00,-153_893.40,-14.13%
2025-05-20,13,769,0.0033,3_593.78,1_092_618.18,-,-,-
2025-05-21,14,768,0.0033,3_605.64,1_096_223.82,945_482.00,-150_741.82,-13.75%
2025-05-22,15,767,0.0033,3_617.54,1_099_841.36,-,-,-
2025-05-23,16,766,0.0033,3_629.48,1_103_470.83,973_504.00,-129_966.83,-11.78%
2025-05-26,17,765,0.0033,3_641.45,1_107_112.29,-,-,-
2025-05-27,18,764,0.0033,3_653.47,1_110_765.76,952_578.00,-158_187.76,-14.24%
2025-05-28,19,763,0.0033,3_665.53,1_114_431.29,961_536.00,-152_895.29,-13.72%
2025-05-29,20,762,0.0033,3_677.62,1_118_108.91,969_533.00,-148_575.91,-13.29%
2025-05-30,21,761,0.0033,3_689.76,1_121_798.67,980_040.00,-141_758.67,-12.64%
2025-06-02,22,760,0.0033,3_701.94,1_125_500.60,1_012_965.00,-112_535.60,-10.00%
2025-06-03,23,759,0.0033,3_714.15,1_129_214.76,-,-,-
2025-06-04,24,758,0.0033,3_726.41,1_132_941.16,-,-,-
2025-06-05,25,757,0.0033,3_738.71,1_136_679.87,-,-,-
2025-06-06,26,756,0.0033,3_751.04,1_140_430.91,-,-,-
2025-06-09,27,755,0.0033,3_763.42,1_144_194.34,-,-,-
2025-06-10,28,754,0.0033,3_775.84,1_147_970.18,-,-,-
2025-06-11,29,753,0.0033,3_788.30,1_151_758.48,-,-,-
2025-06-12,30,752,0.0033,3_800.80,1_155_559.28,-,-,-
2025-06-13,31,751,0.0033,3_813.35,1_159_372.63,-,-,-
2025-06-16,32,750,0.0033,3_825.93,1_163_198.56,-,-,-
2025-06-17,33,749,0.0033,3_838.56,1_167_037.11,-,-,-
2025-06-18,34,748,0.0033,3_851.22,1_170_888.33,-,-,-
2025-06-19,35,747,0.0033,3_863.93,1_174_752.27,-,-,-
2025-06-20,36,746,0.0033,3_876.68,1_178_628.95,-,-,-
2025-06-23,37,745,0.0033,3_889.48,1_182_518.42,-,-,-
2025-06-24,38,744,0.0033,3_902.31,1_186_420.73,-,-,-
2025-06-25,39,743,0.0033,3_915.19,1_190_335.92,-,-,-
2025-06-26,40,742,0.0033,3_928.11,1_194_264.03,-,-,-
2025-06-27,41,741,0.0033,3_941.07,1_198_205.10,-,-,-
2025-06-30,42,740,0.0033,3_954.08,1_202_159.18,-,-,-
2025-07-01,43,739,0.0033,3_967.13,1_206_126.31,-,-,-
2025-07-02,44,738,0.0033,3_980.22,1_210_106.52,-,-,-
2025-07-03,45,737,0.0033,3_993.35,1_214_099.87,-,-,-
2025-07-04,46,736,0.0033,4_006.53,1_218_106.40,-,-,-
2025-07-07,47,735,0.0033,4_019.75,1_222_126.15,-,-,-
2025-07-08,48,734,0.0033,4_033.02,1_226_159.17,-,-,-
2025-07-09,49,733,0.0033,4_046.33,1_230_205.50,-,-,-
2025-07-10,50,732,0.0033,4_059.68,1_234_265.17,-,-,-
2025-07-11,51,731,0.0033,4_073.08,1_238_338.25,-,-,-
2025-07-14,52,730,0.0033,4_086.52,1_242_424.77,-,-,-
2025-07-15,53,729,0.0033,4_100.00,1_246_524.77,-,-,-
2025-07-16,54,728,0.0033,4_113.53,1_250_638.30,-,-,-
2025-07-17,55,727,0.0033,4_127.11,1_254_765.40,-,-,-
2025-07-18,56,726,0.0033,4_140.73,1_258_906.13,-,-,-
2025-07-21,57,725,0.0033,4_154.39,1_263_060.52,-,-,-
2025-07-22,58,724,0.0033,4_168.10,1_267_228.62,-,-,-
2025-07-23,59,723,0.0033,4_181.85,1_271_410.48,-,-,-
2025-07-24,60,722,0.0033,4_195.65,1_275_606.13,-,-,-
2025-07-25,61,721,0.0033,4_209.50,1_279_815.63,-,-,-
2025-07-28,62,720,0.0033,4_223.39,1_284_039.02,-,-,-
2025-07-29,63,719,0.0033,4_237.33,1_288_276.35,-,-,-
2025-07-30,64,718,0.0033,4_251.31,1_292_527.66,-,-,-
2025-07-31,65,717,0.0033,4_265.34,1_296_793.00,-,-,-
2025-08-01,66,716,0.0033,4_279.42,1_301_072.42,-,-,-
2025-08-04,67,715,0.0033,4_293.54,1_305_365.96,-,-,-
2025-08-05,68,714,0.0033,4_307.71,1_309_673.67,-,-,-
2025-08-06,69,713,0.0033,4_321.92,1_313_995.59,-,-,-
2025-08-07,70,712,0.0033,4_336.19,1_318_331.78,-,-,-
2025-08-08,71,711,0.0033,4_350.49,1_322_682.27,-,-,-
2025-08-11,72,710,0.0033,4_364.85,1_327_047.12,-,-,-
2025-08-12,73,709,0.0033,4_379.26,1_331_426.38,-,-,-
2025-08-13,74,708,0.0033,4_393.71,1_335_820.08,-,-,-
2025-08-14,75,707,0.0033,4_408.21,1_340_228.29,-,-,-
2025-08-15,76,706,0.0033,4_422.75,1_344_651.04,-,-,-
2025-08-18,77,705,0.0033,4_437.35,1_349_088.39,-,-,-
2025-08-19,78,704,0.0033,4_451.99,1_353_540.38,-,-,-
2025-08-20,79,703,0.0033,4_466.68,1_358_007.07,-,-,-
2025-08-21,80,702,0.0033,4_481.42,1_362_488.49,-,-,-
2025-08-22,81,701,0.0033,4_496.21,1_366_984.70,-,-,-
2025-08-25,82,700,0.0033,4_511.05,1_371_495.75,-,-,-
2025-08-26,83,699,0.0033,4_525.94,1_376_021.69,-,-,-
2025-08-27,84,698,0.0033,4_540.87,1_380_562.56,-,-,-
2025-08-28,85,697,0.0033,4_555.86,1_385_118.42,-,-,-
2025-08-29,86,696,0.0033,4_570.89,1_389_689.31,-,-,-
2025-09-01,87,695,0.0033,4_585.97,1_394_275.28,-,-,-
2025-09-02,88,694,0.0033,4_601.11,1_398_876.39,-,-,-
2025-09-03,89,693,0.0033,4_616.29,1_403_492.68,-,-,-
2025-09-04,90,692,0.0033,4_631.53,1_408_124.21,-,-,-
2025-09-05,91,691,0.0033,4_646.81,1_412_771.02,-,-,-
2025-09-08,92,690,0.0033,4_662.14,1_417_433.16,-,-,-
2025-09-09,93,689,0.0033,4_677.53,1_422_110.69,-,-,-
2025-09-10,94,688,0.0033,4_692.97,1_426_803.66,-,-,-
2025-09-11,95,687,0.0033,4_708.45,1_431_512.11,-,-,-
2025-09-12,96,686,0.0033,4_723.99,1_436_236.10,-,-,-
2025-09-15,97,685,0.0033,4_739.58,1_440_975.68,-,-,-
2025-09-16,98,684,0.0033,4_755.22,1_445_730.90,-,-,-
2025-09-17,99,683,0.0033,4_770.91,1_450_501.81,-,-,-
2025-09-18,100,682,0.0033,4_786.66,1_455_288.47,-,-,-
2025-09-19,101,681,0.0033,4_802.45,1_460_090.92,-,-,-
2025-09-22,102,680,0.0033,4_818.30,1_464_909.22,-,-,-
2025-09-23,103,679,0.0033,4_834.20,1_469_743.42,-,-,-
2025-09-24,104,678,0.0033,4_850.15,1_474_593.57,-,-,-
2025-09-25,105,677,0.0033,4_866.16,1_479_459.73,-,-,-
2025-09-26,106,676,0.0033,4_882.22,1_484_341.95,-,-,-
2025-09-29,107,675,0.0033,4_898.33,1_489_240.28,-,-,-
2025-09-30,108,674,0.0033,4_914.49,1_494_154.77,-,-,-
2025-10-01,109,673,0.0033,4_930.71,1_499_085.48,-,-,-
2025-10-02,110,672,0.0033,4_946.98,1_504_032.46,-,-,-
2025-10-03,111,671,0.0033,4_963.31,1_508_995.77,-,-,-
2025-10-06,112,670,0.0033,4_979.69,1_513_975.46,-,-,-
2025-10-07,113,669,0.0033,4_996.12,1_518_971.57,-,-,-
2025-10-08,114,668,0.0033,5_012.61,1_523_984.18,-,-,-
2025-10-09,115,667,0.0033,5_029.15,1_529_013.33,-,-,-
2025-10-10,116,666,0.0033,5_045.74,1_534_059.07,-,-,-
2025-10-13,117,665,0.0033,5_062.39,1_539_121.47,-,-,-
2025-10-14,118,664,0.0033,5_079.10,1_544_200.57,-,-,-
2025-10-15,119,663,0.0033,5_095.86,1_549_296.43,-,-,-
2025-10-16,120,662,0.0033,5_112.68,1_554_409.11,-,-,-
2025-10-17,121,661,0.0033,5_129.55,1_559_538.66,-,-,-
2025-10-20,122,660,0.0033,5_146.48,1_564_685.14,-,-,-
2025-10-21,123,659,0.0033,5_163.46,1_569_848.60,-,-,-
2025-10-22,124,658,0.0033,5_180.50,1_575_029.10,-,-,-
2025-10-23,125,657,0.0033,5_197.60,1_580_226.69,-,-,-
2025-10-24,126,656,0.0033,5_214.75,1_585_441.44,-,-,-
2025-10-27,127,655,0.0033,5_231.96,1_590_673.40,-,-,-
2025-10-28,128,654,0.0033,5_249.22,1_595_922.62,-,-,-
2025-10-29,129,653,0.0033,5_266.54,1_601_189.16,-,-,-
2025-10-30,130,652,0.0033,5_283.92,1_606_473.09,-,-,-
2025-10-31,131,651,0.0033,5_301.36,1_611_774.45,-,-,-
2025-11-03,132,650,0.0033,5_318.86,1_617_093.31,-,-,-
2025-11-04,133,649,0.0033,5_336.41,1_622_429.71,-,-,-
2025-11-05,134,648,0.0033,5_354.02,1_627_783.73,-,-,-
2025-11-06,135,647,0.0033,5_371.69,1_633_155.42,-,-,-
2025-11-07,136,646,0.0033,5_389.41,1_638_544.83,-,-,-
2025-11-10,137,645,0.0033,5_407.20,1_643_952.03,-,-,-
2025-11-11,138,644,0.0033,5_425.04,1_649_377.07,-,-,-
2025-11-12,139,643,0.0033,5_442.94,1_654_820.01,-,-,-
2025-11-13,140,642,0.0033,5_460.91,1_660_280.92,-,-,-
2025-11-14,141,641,0.0033,5_478.93,1_665_759.85,-,-,-
2025-11-17,142,640,0.0033,5_497.01,1_671_256.86,-,-,-
2025-11-18,143,639,0.0033,5_515.15,1_676_772.00,-,-,-
2025-11-19,144,638,0.0033,5_533.35,1_682_305.35,-,-,-
2025-11-20,145,637,0.0033,5_551.61,1_687_856.96,-,-,-
2025-11-21,146,636,0.0033,5_569.93,1_693_426.89,-,-,-
2025-11-24,147,635,0.0033,5_588.31,1_699_015.19,-,-,-
2025-11-25,148,634,0.0033,5_606.75,1_704_621.95,-,-,-
2025-11-26,149,633,0.0033,5_625.25,1_710_247.20,-,-,-
2025-11-27,150,632,0.0033,5_643.82,1_715_891.01,-,-,-
2025-11-28,151,631,0.0033,5_662.44,1_721_553.45,-,-,-
2025-12-01,152,630,0.0033,5_681.13,1_727_234.58,-,-,-
2025-12-02,153,629,0.0033,5_699.87,1_732_934.45,-,-,-
2025-12-03,154,628,0.0033,5_718.68,1_738_653.14,-,-,-
2025-12-04,155,627,0.0033,5_737.56,1_744_390.69,-,-,-
2025-12-05,156,626,0.0033,5_756.49,1_750_147.18,-,-,-
2025-12-08,157,625,0.0033,5_775.49,1_755_922.67,-,-,-
2025-12-09,158,624,0.0033,5_794.54,1_761_717.21,-,-,-
2025-12-10,159,623,0.0033,5_813.67,1_767_530.88,-,-,-
2025-12-11,160,622,0.0033,5_832.85,1_773_363.73,-,-,-
2025-12-12,161,621,0.0033,5_852.10,1_779_215.83,-,-,-
2025-12-15,162,620,0.0033,5_871.41,1_785_087.24,-,-,-
2025-12-16,163,619,0.0033,5_890.79,1_790_978.03,-,-,-
2025-12-17,164,618,0.0033,5_910.23,1_796_888.26,-,-,-
2025-12-18,165,617,0.0033,5_929.73,1_802_817.99,-,-,-
2025-12-19,166,616,0.0033,5_949.30,1_808_767.29,-,-,-
2025-12-22,167,615,0.0033,5_968.93,1_814_736.22,-,-,-
2025-12-23,168,614,0.0033,5_988.63,1_820_724.85,-,-,-
2025-12-24,169,613,0.0033,6_008.39,1_826_733.24,-,-,-
2025-12-25,170,612,0.0033,6_028.22,1_832_761.46,-,-,-
2025-12-26,171,611,0.0033,6_048.11,1_838_809.58,-,-,-
2025-12-29,172,610,0.0033,6_068.07,1_844_877.65,-,-,-
2025-12-30,173,609,0.0033,6_088.10,1_850_965.74,-,-,-
2025-12-31,174,608,0.0033,6_108.19,1_857_073.93,-,-,-
2026-01-01,175,607,0.0033,6_128.34,1_863_202.28,-,-,-
2026-01-02,176,606,0.0033,6_148.57,1_869_350.84,-,-,-
2026-01-05,177,605,0.0033,6_168.86,1_875_519.70,-,-,-
2026-01-06,178,604,0.0033,6_189.22,1_881_708.92,-,-,-
2026-01-07,179,603,0.0033,6_209.64,1_887_918.55,-,-,-
2026-01-08,180,602,0.0033,6_230.13,1_894_148.69,-,-,-
2026-01-09,181,601,0.0033,6_250.69,1_900_399.38,-,-,-
2026-01-12,182,600,0.0033,6_271.32,1_906_670.69,-,-,-
2026-01-13,183,599,0.0033,6_292.01,1_912_962.71,-,-,-
2026-01-14,184,598,0.0033,6_312.78,1_919_275.48,-,-,-
2026-01-15,185,597,0.0033,6_333.61,1_925_609.09,-,-,-
2026-01-16,186,596,0.0033,6_354.51,1_931_963.60,-,-,-
2026-01-19,187,595,0.0033,6_375.48,1_938_339.08,-,-,-
2026-01-20,188,594,0.0033,6_396.52,1_944_735.60,-,-,-
2026-01-21,189,593,0.0033,6_417.63,1_951_153.23,-,-,-
2026-01-22,190,592,0.0033,6_438.81,1_957_592.04,-,-,-
2026-01-23,191,591,0.0033,6_460.05,1_964_052.09,-,-,-
2026-01-26,192,590,0.0033,6_481.37,1_970_533.46,-,-,-
2026-01-27,193,589,0.0033,6_502.76,1_977_036.22,-,-,-
2026-01-28,194,588,0.0033,6_524.22,1_983_560.44,-,-,-
2026-01-29,195,587,0.0033,6_545.75,1_990_106.19,-,-,-
2026-01-30,196,586,0.0033,6_567.35,1_996_673.54,-,-,-
2026-02-02,197,585,0.0033,6_589.02,2_003_262.56,-,-,-
2026-02-03,198,584,0.0033,6_610.77,2_009_873.33,-,-,-
2026-02-04,199,583,0.0033,6_632.58,2_016_505.91,-,-,-
2026-02-05,200,582,0.0033,6_654.47,2_023_160.38,-,-,-
2026-02-06,201,581,0.0033,6_676.43,2_029_836.81,-,-,-
2026-02-09,202,580,0.0033,6_698.46,2_036_535.27,-,-,-
2026-02-10,203,579,0.0033,6_720.57,2_043_255.84,-,-,-
2026-02-11,204,578,0.0033,6_742.74,2_049_998.58,-,-,-
2026-02-12,205,577,0.0033,6_765.00,2_056_763.58,-,-,-
2026-02-13,206,576,0.0033,6_787.32,2_063_550.90,-,-,-
2026-02-16,207,575,0.0033,6_809.72,2_070_360.62,-,-,-
2026-02-17,208,574,0.0033,6_832.19,2_077_192.81,-,-,-
2026-02-18,209,573,0.0033,6_854.74,2_084_047.54,-,-,-
2026-02-19,210,572,0.0033,6_877.36,2_090_924.90,-,-,-
2026-02-20,211,571,0.0033,6_900.05,2_097_824.95,-,-,-
2026-02-23,212,570,0.0033,6_922.82,2_104_747.77,-,-,-
2026-02-24,213,569,0.0033,6_945.67,2_111_693.44,-,-,-
2026-02-25,214,568,0.0033,6_968.59,2_118_662.03,-,-,-
2026-02-26,215,567,0.0033,6_991.58,2_125_653.62,-,-,-
2026-02-27,216,566,0.0033,7_014.66,2_132_668.27,-,-,-
2026-03-02,217,565,0.0033,7_037.81,2_139_706.08,-,-,-
2026-03-03,218,564,0.0033,7_061.03,2_146_767.11,-,-,-
2026-03-04,219,563,0.0033,7_084.33,2_153_851.44,-,-,-
2026-03-05,220,562,0.0033,7_107.71,2_160_959.15,-,-,-
2026-03-06,221,561,0.0033,7_131.17,2_168_090.31,-,-,-
2026-03-09,222,560,0.0033,7_154.70,2_175_245.01,-,-,-
2026-03-10,223,559,0.0033,7_178.31,2_182_423.32,-,-,-
2026-03-11,224,558,0.0033,7_202.00,2_189_625.32,-,-,-
2026-03-12,225,557,0.0033,7_225.76,2_196_851.08,-,-,-
2026-03-13,226,556,0.0033,7_249.61,2_204_100.69,-,-,-
2026-03-16,227,555,0.0033,7_273.53,2_211_374.22,-,-,-
2026-03-17,228,554,0.0033,7_297.53,2_218_671.76,-,-,-
2026-03-18,229,553,0.0033,7_321.62,2_225_993.37,-,-,-
2026-03-19,230,552,0.0033,7_345.78,2_233_339.15,-,-,-
2026-03-20,231,551,0.0033,7_370.02,2_240_709.17,-,-,-
2026-03-23,232,550,0.0033,7_394.34,2_248_103.51,-,-,-
2026-03-24,233,549,0.0033,7_418.74,2_255_522.25,-,-,-
2026-03-25,234,548,0.0033,7_443.22,2_262_965.48,-,-,-
2026-03-26,235,547,0.0033,7_467.79,2_270_433.26,-,-,-
2026-03-27,236,546,0.0033,7_492.43,2_277_925.69,-,-,-
2026-03-30,237,545,0.0033,7_517.15,2_285_442.85,-,-,-
2026-03-31,238,544,0.0033,7_541.96,2_292_984.81,-,-,-
2026-04-01,239,543,0.0033,7_566.85,2_300_551.66,-,-,-
2026-04-02,240,542,0.0033,7_591.82,2_308_143.48,-,-,-
2026-04-03,241,541,0.0033,7_616.87,2_315_760.35,-,-,-
2026-04-06,242,540,0.0033,7_642.01,2_323_402.36,-,-,-
2026-04-07,243,539,0.0033,7_667.23,2_331_069.59,-,-,-
2026-04-08,244,538,0.0033,7_692.53,2_338_762.12,-,-,-
2026-04-09,245,537,0.0033,7_717.91,2_346_480.03,-,-,-
2026-04-10,246,536,0.0033,7_743.38,2_354_223.42,-,-,-
2026-04-13,247,535,0.0033,7_768.94,2_361_992.35,-,-,-
2026-04-14,248,534,0.0033,7_794.57,2_369_786.93,-,-,-
2026-04-15,249,533,0.0033,7_820.30,2_377_607.23,-,-,-
2026-04-16,250,532,0.0033,7_846.10,2_385_453.33,-,-,-
2026-04-17,251,531,0.0033,7_872.00,2_393_325.33,-,-,-
2026-04-20,252,530,0.0033,7_897.97,2_401_223.30,-,-,-
2026-04-21,253,529,0.0033,7_924.04,2_409_147.34,-,-,-
2026-04-22,254,528,0.0033,7_950.19,2_417_097.52,-,-,-
2026-04-23,255,527,0.0033,7_976.42,2_425_073.94,-,-,-
2026-04-24,256,526,0.0033,8_002.74,2_433_076.69,-,-,-
2026-04-27,257,525,0.0033,8_029.15,2_441_105.84,-,-,-
2026-04-28,258,524,0.0033,8_055.65,2_449_161.49,-,-,-
2026-04-29,259,523,0.0033,8_082.23,2_457_243.72,-,-,-
2026-04-30,260,522,0.0033,8_108.90,2_465_352.63,-,-,-
2026-05-01,261,521,0.0033,8_135.66,2_473_488.29,-,-,-
2026-05-04,262,520,0.0033,8_162.51,2_481_650.80,-,-,-
2026-05-05,263,519,0.0033,8_189.45,2_489_840.25,-,-,-
2026-05-06,264,518,0.0033,8_216.47,2_498_056.72,-,-,-
2026-05-07,265,517,0.0033,8_243.59,2_506_300.31,-,-,-
2026-05-08,266,516,0.0033,8_270.79,2_514_571.10,-,-,-
2026-05-11,267,515,0.0033,8_298.08,2_522_869.19,-,-,-
2026-05-12,268,514,0.0033,8_325.47,2_531_194.66,-,-,-
2026-05-13,269,513,0.0033,8_352.94,2_539_547.60,-,-,-
2026-05-14,270,512,0.0033,8_380.51,2_547_928.10,-,-,-
2026-05-15,271,511,0.0033,8_408.16,2_556_336.27,-,-,-
2026-05-18,272,510,0.0033,8_435.91,2_564_772.18,-,-,-
2026-05-19,273,509,0.0033,8_463.75,2_573_235.93,-,-,-
2026-05-20,274,508,0.0033,8_491.68,2_581_727.60,-,-,-
2026-05-21,275,507,0.0033,8_519.70,2_590_247.30,-,-,-
2026-05-22,276,506,0.0033,8_547.82,2_598_795.12,-,-,-
2026-05-25,277,505,0.0033,8_576.02,2_607_371.14,-,-,-
2026-05-26,278,504,0.0033,8_604.32,2_615_975.47,-,-,-
2026-05-27,279,503,0.0033,8_632.72,2_624_608.19,-,-,-
2026-05-28,280,502,0.0033,8_661.21,2_633_269.40,-,-,-
2026-05-29,281,501,0.0033,8_689.79,2_641_959.18,-,-,-
2026-06-01,282,500,0.0033,8_718.47,2_650_677.65,-,-,-
2026-06-02,283,499,0.0033,8_747.24,2_659_424.89,-,-,-
2026-06-03,284,498,0.0033,8_776.10,2_668_200.99,-,-,-
2026-06-04,285,497,0.0033,8_805.06,2_677_006.05,-,-,-
2026-06-05,286,496,0.0033,8_834.12,2_685_840.17,-,-,-
2026-06-08,287,495,0.0033,8_863.27,2_694_703.44,-,-,-
2026-06-09,288,494,0.0033,8_892.52,2_703_595.97,-,-,-
2026-06-10,289,493,0.0033,8_921.87,2_712_517.83,-,-,-
2026-06-11,290,492,0.0033,8_951.31,2_721_469.14,-,-,-
2026-06-12,291,491,0.0033,8_980.85,2_730_449.99,-,-,-
2026-06-15,292,490,0.0033,9_010.48,2_739_460.47,-,-,-
2026-06-16,293,489,0.0033,9_040.22,2_748_500.69,-,-,-
2026-06-17,294,488,0.0033,9_070.05,2_757_570.75,-,-,-
2026-06-18,295,487,0.0033,9_099.98,2_766_670.73,-,-,-
2026-06-19,296,486,0.0033,9_130.01,2_775_800.74,-,-,-
2026-06-22,297,485,0.0033,9_160.14,2_784_960.89,-,-,-
2026-06-23,298,484,0.0033,9_190.37,2_794_151.26,-,-,-
2026-06-24,299,483,0.0033,9_220.70,2_803_371.96,-,-,-
2026-06-25,300,482,0.0033,9_251.13,2_812_623.08,-,-,-
2026-06-26,301,481,0.0033,9_281.66,2_821_904.74,-,-,-
2026-06-29,302,480,0.0033,9_312.29,2_831_217.02,-,-,-
2026-06-30,303,479,0.0033,9_343.02,2_840_560.04,-,-,-
2026-07-01,304,478,0.0033,9_373.85,2_849_933.89,-,-,-
2026-07-02,305,477,0.0033,9_404.78,2_859_338.67,-,-,-
2026-07-03,306,476,0.0033,9_435.82,2_868_774.49,-,-,-
2026-07-06,307,475,0.0033,9_466.96,2_878_241.44,-,-,-
2026-07-07,308,474,0.0033,9_498.20,2_887_739.64,-,-,-
2026-07-08,309,473,0.0033,9_529.54,2_897_269.18,-,-,-
2026-07-09,310,472,0.0033,9_560.99,2_906_830.17,-,-,-
2026-07-10,311,471,0.0033,9_592.54,2_916_422.71,-,-,-
2026-07-13,312,470,0.0033,9_624.19,2_926_046.90,-,-,-
2026-07-14,313,469,0.0033,9_655.95,2_935_702.86,-,-,-
2026-07-15,314,468,0.0033,9_687.82,2_945_390.68,-,-,-
2026-07-16,315,467,0.0033,9_719.79,2_955_110.47,-,-,-
2026-07-17,316,466,0.0033,9_751.86,2_964_862.33,-,-,-
2026-07-20,317,465,0.0033,9_784.05,2_974_646.38,-,-,-
2026-07-21,318,464,0.0033,9_816.33,2_984_462.71,-,-,-
2026-07-22,319,463,0.0033,9_848.73,2_994_311.44,-,-,-
2026-07-23,320,462,0.0033,9_881.23,3_004_192.67,-,-,-
2026-07-24,321,461,0.0033,9_913.84,3_014_106.50,-,-,-
2026-07-27,322,460,0.0033,9_946.55,3_024_053.05,-,-,-
2026-07-28,323,459,0.0033,9_979.38,3_034_032.43,-,-,-
2026-07-29,324,458,0.0033,10_012.31,3_044_044.74,-,-,-
2026-07-30,325,457,0.0033,10_045.35,3_054_090.08,-,-,-
2026-07-31,326,456,0.0033,10_078.50,3_064_168.58,-,-,-
2026-08-03,327,455,0.0033,10_111.76,3_074_280.34,-,-,-
2026-08-04,328,454,0.0033,10_145.13,3_084_425.46,-,-,-
2026-08-05,329,453,0.0033,10_178.60,3_094_604.07,-,-,-
2026-08-06,330,452,0.0033,10_212.19,3_104_816.26,-,-,-
2026-08-07,331,451,0.0033,10_245.89,3_115_062.15,-,-,-
2026-08-10,332,450,0.0033,10_279.71,3_125_341.86,-,-,-
2026-08-11,333,449,0.0033,10_313.63,3_135_655.49,-,-,-
2026-08-12,334,448,0.0033,10_347.66,3_146_003.15,-,-,-
2026-08-13,335,447,0.0033,10_381.81,3_156_384.96,-,-,-
2026-08-14,336,446,0.0033,10_416.07,3_166_801.03,-,-,-
2026-08-17,337,445,0.0033,10_450.44,3_177_251.47,-,-,-
2026-08-18,338,444,0.0033,10_484.93,3_187_736.40,-,-,-
2026-08-19,339,443,0.0033,10_519.53,3_198_255.93,-,-,-
2026-08-20,340,442,0.0033,10_554.24,3_208_810.18,-,-,-
2026-08-21,341,441,0.0033,10_589.07,3_219_399.25,-,-,-
2026-08-24,342,440,0.0033,10_624.02,3_230_023.27,-,-,-
2026-08-25,343,439,0.0033,10_659.08,3_240_682.35,-,-,-
2026-08-26,344,438,0.0033,10_694.25,3_251_376.60,-,-,-
2026-08-27,345,437,0.0033,10_729.54,3_262_106.14,-,-,-
2026-08-28,346,436,0.0033,10_764.95,3_272_871.09,-,-,-
2026-08-31,347,435,0.0033,10_800.47,3_283_671.57,-,-,-
2026-09-01,348,434,0.0033,10_836.12,3_294_507.68,-,-,-
2026-09-02,349,433,0.0033,10_871.88,3_305_379.56,-,-,-
2026-09-03,350,432,0.0033,10_907.75,3_316_287.31,-,-,-
2026-09-04,351,431,0.0033,10_943.75,3_327_231.06,-,-,-
2026-09-07,352,430,0.0033,10_979.86,3_338_210.92,-,-,-
2026-09-08,353,429,0.0033,11_016.10,3_349_227.02,-,-,-
2026-09-09,354,428,0.0033,11_052.45,3_360_279.47,-,-,-
2026-09-10,355,427,0.0033,11_088.92,3_371_368.39,-,-,-
2026-09-11,356,426,0.0033,11_125.52,3_382_493.90,-,-,-
2026-09-14,357,425,0.0033,11_162.23,3_393_656.13,-,-,-
2026-09-15,358,424,0.0033,11_199.07,3_404_855.20,-,-,-
2026-09-16,359,423,0.0033,11_236.02,3_416_091.22,-,-,-
2026-09-17,360,422,0.0033,11_273.10,3_427_364.32,-,-,-
2026-09-18,361,421,0.0033,11_310.30,3_438_674.62,-,-,-
2026-09-21,362,420,0.0033,11_347.63,3_450_022.25,-,-,-
2026-09-22,363,419,0.0033,11_385.07,3_461_407.32,-,-,-
2026-09-23,364,418,0.0033,11_422.64,3_472_829.97,-,-,-
2026-09-24,365,417,0.0033,11_460.34,3_484_290.31,-,-,-
2026-09-25,366,416,0.0033,11_498.16,3_495_788.46,-,-,-
2026-09-28,367,415,0.0033,11_536.10,3_507_324.57,-,-,-
2026-09-29,368,414,0.0033,11_574.17,3_518_898.74,-,-,-
2026-09-30,369,413,0.0033,11_612.37,3_530_511.10,-,-,-
2026-10-01,370,412,0.0033,11_650.69,3_542_161.79,-,-,-
2026-10-02,371,411,0.0033,11_689.13,3_553_850.92,-,-,-
2026-10-05,372,410,0.0033,11_727.71,3_565_578.63,-,-,-
2026-10-06,373,409,0.0033,11_766.41,3_577_345.04,-,-,-
2026-10-07,374,408,0.0033,11_805.24,3_589_150.28,-,-,-
2026-10-08,375,407,0.0033,11_844.20,3_600_994.48,-,-,-
2026-10-09,376,406,0.0033,11_883.28,3_612_877.76,-,-,-
2026-10-12,377,405,0.0033,11_922.50,3_624_800.25,-,-,-
2026-10-13,378,404,0.0033,11_961.84,3_636_762.09,-,-,-
2026-10-14,379,403,0.0033,12_001.31,3_648_763.41,-,-,-
2026-10-15,380,402,0.0033,12_040.92,3_660_804.33,-,-,-
2026-10-16,381,401,0.0033,12_080.65,3_672_884.98,-,-,-
2026-10-19,382,400,0.0033,12_120.52,3_685_005.50,-,-,-
2026-10-20,383,399,0.0033,12_160.52,3_697_166.02,-,-,-
2026-10-21,384,398,0.0033,12_200.65,3_709_366.67,-,-,-
2026-10-22,385,397,0.0033,12_240.91,3_721_607.58,-,-,-
2026-10-23,386,396,0.0033,12_281.31,3_733_888.88,-,-,-
2026-10-26,387,395,0.0033,12_321.83,3_746_210.72,-,-,-
2026-10-27,388,394,0.0033,12_362.50,3_758_573.21,-,-,-
2026-10-28,389,393,0.0033,12_403.29,3_770_976.51,-,-,-
2026-10-29,390,392,0.0033,12_444.22,3_783_420.73,-,-,-
2026-10-30,391,391,0.0033,12_485.29,3_795_906.02,-,-,-
2026-11-02,392,390,0.0033,12_526.49,3_808_432.51,-,-,-
2026-11-03,393,389,0.0033,12_567.83,3_821_000.33,-,-,-
2026-11-04,394,388,0.0033,12_609.30,3_833_609.63,-,-,-
2026-11-05,395,387,0.0033,12_650.91,3_846_260.55,-,-,-
2026-11-06,396,386,0.0033,12_692.66,3_858_953.21,-,-,-
2026-11-09,397,385,0.0033,12_734.55,3_871_687.75,-,-,-
2026-11-10,398,384,0.0033,12_776.57,3_884_464.32,-,-,-
2026-11-11,399,383,0.0033,12_818.73,3_897_283.05,-,-,-
2026-11-12,400,382,0.0033,12_861.03,3_910_144.09,-,-,-
2026-11-13,401,381,0.0033,12_903.48,3_923_047.56,-,-,-
2026-11-16,402,380,0.0033,12_946.06,3_935_993.62,-,-,-
2026-11-17,403,379,0.0033,12_988.78,3_948_982.40,-,-,-
2026-11-18,404,378,0.0033,13_031.64,3_962_014.04,-,-,-
2026-11-19,405,377,0.0033,13_074.65,3_975_088.69,-,-,-
2026-11-20,406,376,0.0033,13_117.79,3_988_206.48,-,-,-
2026-11-23,407,375,0.0033,13_161.08,4_001_367.56,-,-,-
2026-11-24,408,374,0.0033,13_204.51,4_014_572.07,-,-,-
2026-11-25,409,373,0.0033,13_248.09,4_027_820.16,-,-,-
2026-11-26,410,372,0.0033,13_291.81,4_041_111.97,-,-,-
2026-11-27,411,371,0.0033,13_335.67,4_054_447.64,-,-,-
2026-11-30,412,370,0.0033,13_379.68,4_067_827.32,-,-,-
2026-12-01,413,369,0.0033,13_423.83,4_081_251.15,-,-,-
2026-12-02,414,368,0.0033,13_468.13,4_094_719.27,-,-,-
2026-12-03,415,367,0.0033,13_512.57,4_108_231.85,-,-,-
2026-12-04,416,366,0.0033,13_557.17,4_121_789.01,-,-,-
2026-12-07,417,365,0.0033,13_601.90,4_135_390.92,-,-,-
2026-12-08,418,364,0.0033,13_646.79,4_149_037.71,-,-,-
2026-12-09,419,363,0.0033,13_691.82,4_162_729.53,-,-,-
2026-12-10,420,362,0.0033,13_737.01,4_176_466.54,-,-,-
2026-12-11,421,361,0.0033,13_782.34,4_190_248.88,-,-,-
2026-12-14,422,360,0.0033,13_827.82,4_204_076.70,-,-,-
2026-12-15,423,359,0.0033,13_873.45,4_217_950.15,-,-,-
2026-12-16,424,358,0.0033,13_919.24,4_231_869.39,-,-,-
2026-12-17,425,357,0.0033,13_965.17,4_245_834.56,-,-,-
2026-12-18,426,356,0.0033,14_011.25,4_259_845.81,-,-,-
2026-12-21,427,355,0.0033,14_057.49,4_273_903.30,-,-,-
2026-12-22,428,354,0.0033,14_103.88,4_288_007.18,-,-,-
2026-12-23,429,353,0.0033,14_150.42,4_302_157.61,-,-,-
2026-12-24,430,352,0.0033,14_197.12,4_316_354.73,-,-,-
2026-12-25,431,351,0.0033,14_243.97,4_330_598.70,-,-,-
2026-12-28,432,350,0.0033,14_290.98,4_344_889.67,-,-,-
2026-12-29,433,349,0.0033,14_338.14,4_359_227.81,-,-,-
2026-12-30,434,348,0.0033,14_385.45,4_373_613.26,-,-,-
2026-12-31,435,347,0.0033,14_432.92,4_388_046.18,-,-,-
2027-01-01,436,346,0.0033,14_480.55,4_402_526.74,-,-,-
2027-01-04,437,345,0.0033,14_528.34,4_417_055.08,-,-,-
2027-01-05,438,344,0.0033,14_576.28,4_431_631.36,-,-,-
2027-01-06,439,343,0.0033,14_624.38,4_446_255.74,-,-,-
2027-01-07,440,342,0.0033,14_672.64,4_460_928.38,-,-,-
2027-01-08,441,341,0.0033,14_721.06,4_475_649.45,-,-,-
2027-01-11,442,340,0.0033,14_769.64,4_490_419.09,-,-,-
2027-01-12,443,339,0.0033,14_818.38,4_505_237.47,-,-,-
2027-01-13,444,338,0.0033,14_867.28,4_520_104.76,-,-,-
2027-01-14,445,337,0.0033,14_916.35,4_535_021.10,-,-,-
2027-01-15,446,336,0.0033,14_965.57,4_549_986.67,-,-,-
2027-01-18,447,335,0.0033,15_014.96,4_565_001.63,-,-,-
2027-01-19,448,334,0.0033,15_064.51,4_580_066.13,-,-,-
2027-01-20,449,333,0.0033,15_114.22,4_595_180.35,-,-,-
2027-01-21,450,332,0.0033,15_164.10,4_610_344.45,-,-,-
2027-01-22,451,331,0.0033,15_214.14,4_625_558.58,-,-,-
2027-01-25,452,330,0.0033,15_264.34,4_640_822.93,-,-,-
2027-01-26,453,329,0.0033,15_314.72,4_656_137.64,-,-,-
2027-01-27,454,328,0.0033,15_365.25,4_671_502.90,-,-,-
2027-01-28,455,327,0.0033,15_415.96,4_686_918.86,-,-,-
2027-01-29,456,326,0.0033,15_466.83,4_702_385.69,-,-,-
2027-02-01,457,325,0.0033,15_517.87,4_717_903.56,-,-,-
2027-02-02,458,324,0.0033,15_569.08,4_733_472.64,-,-,-
2027-02-03,459,323,0.0033,15_620.46,4_749_093.10,-,-,-
2027-02-04,460,322,0.0033,15_672.01,4_764_765.11,-,-,-
2027-02-05,461,321,0.0033,15_723.72,4_780_488.84,-,-,-
2027-02-08,462,320,0.0033,15_775.61,4_796_264.45,-,-,-
2027-02-09,463,319,0.0033,15_827.67,4_812_092.12,-,-,-
2027-02-10,464,318,0.0033,15_879.90,4_827_972.03,-,-,-
2027-02-11,465,317,0.0033,15_932.31,4_843_904.33,-,-,-
2027-02-12,466,316,0.0033,15_984.88,4_859_889.22,-,-,-
2027-02-15,467,315,0.0033,16_037.63,4_875_926.85,-,-,-
2027-02-16,468,314,0.0033,16_090.56,4_892_017.41,-,-,-
2027-02-17,469,313,0.0033,16_143.66,4_908_161.07,-,-,-
2027-02-18,470,312,0.0033,16_196.93,4_924_358.00,-,-,-
2027-02-19,471,311,0.0033,16_250.38,4_940_608.38,-,-,-
2027-02-22,472,310,0.0033,16_304.01,4_956_912.39,-,-,-
2027-02-23,473,309,0.0033,16_357.81,4_973_270.20,-,-,-
2027-02-24,474,308,0.0033,16_411.79,4_989_681.99,-,-,-
2027-02-25,475,307,0.0033,16_465.95,5_006_147.94,-,-,-
2027-02-26,476,306,0.0033,16_520.29,5_022_668.23,-,-,-
2027-03-01,477,305,0.0033,16_574.81,5_039_243.04,-,-,-
2027-03-02,478,304,0.0033,16_629.50,5_055_872.54,-,-,-
2027-03-03,479,303,0.0033,16_684.38,5_072_556.92,-,-,-
2027-03-04,480,302,0.0033,16_739.44,5_089_296.35,-,-,-
2027-03-05,481,301,0.0033,16_794.68,5_106_091.03,-,-,-
2027-03-08,482,300,0.0033,16_850.10,5_122_941.13,-,-,-
2027-03-09,483,299,0.0033,16_905.71,5_139_846.84,-,-,-
2027-03-10,484,298,0.0033,16_961.49,5_156_808.33,-,-,-
2027-03-11,485,297,0.0033,17_017.47,5_173_825.80,-,-,-
2027-03-12,486,296,0.0033,17_073.63,5_190_899.43,-,-,-
2027-03-15,487,295,0.0033,17_129.97,5_208_029.39,-,-,-
2027-03-16,488,294,0.0033,17_186.50,5_225_215.89,-,-,-
2027-03-17,489,293,0.0033,17_243.21,5_242_459.10,-,-,-
2027-03-18,490,292,0.0033,17_300.12,5_259_759.22,-,-,-
2027-03-19,491,291,0.0033,17_357.21,5_277_116.42,-,-,-
2027-03-22,492,290,0.0033,17_414.48,5_294_530.91,-,-,-
2027-03-23,493,289,0.0033,17_471.95,5_312_002.86,-,-,-
2027-03-24,494,288,0.0033,17_529.61,5_329_532.47,-,-,-
2027-03-25,495,287,0.0033,17_587.46,5_347_119.93,-,-,-
2027-03-26,496,286,0.0033,17_645.50,5_364_765.42,-,-,-
2027-03-29,497,285,0.0033,17_703.73,5_382_469.15,-,-,-
2027-03-30,498,284,0.0033,17_762.15,5_400_231.30,-,-,-
2027-03-31,499,283,0.0033,17_820.76,5_418_052.06,-,-,-
2027-04-01,500,282,0.0033,17_879.57,5_435_931.63,-,-,-
2027-04-02,501,281,0.0033,17_938.57,5_453_870.21,-,-,-
2027-04-05,502,280,0.0033,17_997.77,5_471_867.98,-,-,-
2027-04-06,503,279,0.0033,18_057.16,5_489_925.14,-,-,-
2027-04-07,504,278,0.0033,18_116.75,5_508_041.90,-,-,-
2027-04-08,505,277,0.0033,18_176.54,5_526_218.43,-,-,-
2027-04-09,506,276,0.0033,18_236.52,5_544_454.95,-,-,-
2027-04-12,507,275,0.0033,18_296.70,5_562_751.66,-,-,-
2027-04-13,508,274,0.0033,18_357.08,5_581_108.74,-,-,-
2027-04-14,509,273,0.0033,18_417.66,5_599_526.39,-,-,-
2027-04-15,510,272,0.0033,18_478.44,5_618_004.83,-,-,-
2027-04-16,511,271,0.0033,18_539.42,5_636_544.25,-,-,-
2027-04-19,512,270,0.0033,18_600.60,5_655_144.84,-,-,-
2027-04-20,513,269,0.0033,18_661.98,5_673_806.82,-,-,-
2027-04-21,514,268,0.0033,18_723.56,5_692_530.38,-,-,-
2027-04-22,515,267,0.0033,18_785.35,5_711_315.73,-,-,-
2027-04-23,516,266,0.0033,18_847.34,5_730_163.08,-,-,-
2027-04-26,517,265,0.0033,18_909.54,5_749_072.61,-,-,-
2027-04-27,518,264,0.0033,18_971.94,5_768_044.55,-,-,-
2027-04-28,519,263,0.0033,19_034.55,5_787_079.10,-,-,-
2027-04-29,520,262,0.0033,19_097.36,5_806_176.46,-,-,-
2027-04-30,521,261,0.0033,19_160.38,5_825_336.84,-,-,-
2027-05-03,522,260,0.0033,19_223.61,5_844_560.46,-,-,-
2027-05-04,523,259,0.0033,19_287.05,5_863_847.51,-,-,-
2027-05-05,524,258,0.0033,19_350.70,5_883_198.20,-,-,-
2027-05-06,525,257,0.0033,19_414.55,5_902_612.76,-,-,-
2027-05-07,526,256,0.0033,19_478.62,5_922_091.38,-,-,-
2027-05-10,527,255,0.0033,19_542.90,5_941_634.28,-,-,-
2027-05-11,528,254,0.0033,19_607.39,5_961_241.67,-,-,-
2027-05-12,529,253,0.0033,19_672.10,5_980_913.77,-,-,-
2027-05-13,530,252,0.0033,19_737.02,6_000_650.79,-,-,-
2027-05-14,531,251,0.0033,19_802.15,6_020_452.93,-,-,-
2027-05-17,532,250,0.0033,19_867.49,6_040_320.43,-,-,-
2027-05-18,533,249,0.0033,19_933.06,6_060_253.49,-,-,-
2027-05-19,534,248,0.0033,19_998.84,6_080_252.32,-,-,-
2027-05-20,535,247,0.0033,20_064.83,6_100_317.16,-,-,-
2027-05-21,536,246,0.0033,20_131.05,6_120_448.20,-,-,-
2027-05-24,537,245,0.0033,20_197.48,6_140_645.68,-,-,-
2027-05-25,538,244,0.0033,20_264.13,6_160_909.81,-,-,-
2027-05-26,539,243,0.0033,20_331.00,6_181_240.81,-,-,-
2027-05-27,540,242,0.0033,20_398.09,6_201_638.91,-,-,-
2027-05-28,541,241,0.0033,20_465.41,6_222_104.32,-,-,-
2027-05-31,542,240,0.0033,20_532.94,6_242_637.26,-,-,-
2027-06-01,543,239,0.0033,20_600.70,6_263_237.96,-,-,-
2027-06-02,544,238,0.0033,20_668.69,6_283_906.65,-,-,-
2027-06-03,545,237,0.0033,20_736.89,6_304_643.54,-,-,-
2027-06-04,546,236,0.0033,20_805.32,6_325_448.87,-,-,-
2027-06-07,547,235,0.0033,20_873.98,6_346_322.85,-,-,-
2027-06-08,548,234,0.0033,20_942.87,6_367_265.71,-,-,-
2027-06-09,549,233,0.0033,21_011.98,6_388_277.69,-,-,-
2027-06-10,550,232,0.0033,21_081.32,6_409_359.01,-,-,-
2027-06-11,551,231,0.0033,21_150.88,6_430_509.89,-,-,-
2027-06-14,552,230,0.0033,21_220.68,6_451_730.57,-,-,-
2027-06-15,553,229,0.0033,21_290.71,6_473_021.28,-,-,-
2027-06-16,554,228,0.0033,21_360.97,6_494_382.25,-,-,-
2027-06-17,555,227,0.0033,21_431.46,6_515_813.72,-,-,-
2027-06-18,556,226,0.0033,21_502.19,6_537_315.90,-,-,-
2027-06-21,557,225,0.0033,21_573.14,6_558_889.04,-,-,-
2027-06-22,558,224,0.0033,21_644.33,6_580_533.38,-,-,-
2027-06-23,559,223,0.0033,21_715.76,6_602_249.14,-,-,-
2027-06-24,560,222,0.0033,21_787.42,6_624_036.56,-,-,-
2027-06-25,561,221,0.0033,21_859.32,6_645_895.88,-,-,-
2027-06-28,562,220,0.0033,21_931.46,6_667_827.34,-,-,-
2027-06-29,563,219,0.0033,22_003.83,6_689_831.17,-,-,-
2027-06-30,564,218,0.0033,22_076.44,6_711_907.61,-,-,-
2027-07-01,565,217,0.0033,22_149.30,6_734_056.90,-,-,-
2027-07-02,566,216,0.0033,22_222.39,6_756_279.29,-,-,-
2027-07-05,567,215,0.0033,22_295.72,6_778_575.01,-,-,-
2027-07-06,568,214,0.0033,22_369.30,6_800_944.31,-,-,-
2027-07-07,569,213,0.0033,22_443.12,6_823_387.43,-,-,-
2027-07-08,570,212,0.0033,22_517.18,6_845_904.61,-,-,-
2027-07-09,571,211,0.0033,22_591.49,6_868_496.09,-,-,-
2027-07-12,572,210,0.0033,22_666.04,6_891_162.13,-,-,-
2027-07-13,573,209,0.0033,22_740.84,6_913_902.96,-,-,-
2027-07-14,574,208,0.0033,22_815.88,6_936_718.84,-,-,-
2027-07-15,575,207,0.0033,22_891.17,6_959_610.02,-,-,-
2027-07-16,576,206,0.0033,22_966.71,6_982_576.73,-,-,-
2027-07-19,577,205,0.0033,23_042.50,7_005_619.23,-,-,-
2027-07-20,578,204,0.0033,23_118.54,7_028_737.77,-,-,-
2027-07-21,579,203,0.0033,23_194.83,7_051_932.61,-,-,-
2027-07-22,580,202,0.0033,23_271.38,7_075_203.99,-,-,-
2027-07-23,581,201,0.0033,23_348.17,7_098_552.16,-,-,-
2027-07-26,582,200,0.0033,23_425.22,7_121_977.38,-,-,-
2027-07-27,583,199,0.0033,23_502.53,7_145_479.91,-,-,-
2027-07-28,584,198,0.0033,23_580.08,7_169_059.99,-,-,-
2027-07-29,585,197,0.0033,23_657.90,7_192_717.89,-,-,-
2027-07-30,586,196,0.0033,23_735.97,7_216_453.86,-,-,-
2027-08-02,587,195,0.0033,23_814.30,7_240_268.16,-,-,-
2027-08-03,588,194,0.0033,23_892.88,7_264_161.04,-,-,-
2027-08-04,589,193,0.0033,23_971.73,7_288_132.77,-,-,-
2027-08-05,590,192,0.0033,24_050.84,7_312_183.61,-,-,-
2027-08-06,591,191,0.0033,24_130.21,7_336_313.82,-,-,-
2027-08-09,592,190,0.0033,24_209.84,7_360_523.65,-,-,-
2027-08-10,593,189,0.0033,24_289.73,7_384_813.38,-,-,-
2027-08-11,594,188,0.0033,24_369.88,7_409_183.26,-,-,-
2027-08-12,595,187,0.0033,24_450.30,7_433_633.57,-,-,-
2027-08-13,596,186,0.0033,24_530.99,7_458_164.56,-,-,-
2027-08-16,597,185,0.0033,24_611.94,7_482_776.50,-,-,-
2027-08-17,598,184,0.0033,24_693.16,7_507_469.67,-,-,-
2027-08-18,599,183,0.0033,24_774.65,7_532_244.32,-,-,-
2027-08-19,600,182,0.0033,24_856.41,7_557_100.72,-,-,-
2027-08-20,601,181,0.0033,24_938.43,7_582_039.15,-,-,-
2027-08-23,602,180,0.0033,25_020.73,7_607_059.88,-,-,-
2027-08-24,603,179,0.0033,25_103.30,7_632_163.18,-,-,-
2027-08-25,604,178,0.0033,25_186.14,7_657_349.32,-,-,-
2027-08-26,605,177,0.0033,25_269.25,7_682_618.57,-,-,-
2027-08-27,606,176,0.0033,25_352.64,7_707_971.21,-,-,-
2027-08-30,607,175,0.0033,25_436.31,7_733_407.52,-,-,-
2027-08-31,608,174,0.0033,25_520.24,7_758_927.76,-,-,-
2027-09-01,609,173,0.0033,25_604.46,7_784_532.22,-,-,-
2027-09-02,610,172,0.0033,25_688.96,7_810_221.18,-,-,-
2027-09-03,611,171,0.0033,25_773.73,7_835_994.91,-,-,-
2027-09-06,612,170,0.0033,25_858.78,7_861_853.69,-,-,-
2027-09-07,613,169,0.0033,25_944.12,7_887_797.81,-,-,-
2027-09-08,614,168,0.0033,26_029.73,7_913_827.54,-,-,-
2027-09-09,615,167,0.0033,26_115.63,7_939_943.18,-,-,-
2027-09-10,616,166,0.0033,26_201.81,7_966_144.99,-,-,-
2027-09-13,617,165,0.0033,26_288.28,7_992_433.27,-,-,-
2027-09-14,618,164,0.0033,26_375.03,8_018_808.30,-,-,-
2027-09-15,619,163,0.0033,26_462.07,8_045_270.36,-,-,-
2027-09-16,620,162,0.0033,26_549.39,8_071_819.76,-,-,-
2027-09-17,621,161,0.0033,26_637.01,8_098_456.76,-,-,-
2027-09-20,622,160,0.0033,26_724.91,8_125_181.67,-,-,-
2027-09-21,623,159,0.0033,26_813.10,8_151_994.77,-,-,-
2027-09-22,624,158,0.0033,26_901.58,8_178_896.35,-,-,-
2027-09-23,625,157,0.0033,26_990.36,8_205_886.71,-,-,-
2027-09-24,626,156,0.0033,27_079.43,8_232_966.13,-,-,-
2027-09-27,627,155,0.0033,27_168.79,8_260_134.92,-,-,-
2027-09-28,628,154,0.0033,27_258.45,8_287_393.37,-,-,-
2027-09-29,629,153,0.0033,27_348.40,8_314_741.77,-,-,-
2027-09-30,630,152,0.0033,27_438.65,8_342_180.41,-,-,-
2027-10-01,631,151,0.0033,27_529.20,8_369_709.61,-,-,-
2027-10-04,632,150,0.0033,27_620.04,8_397_329.65,-,-,-
2027-10-05,633,149,0.0033,27_711.19,8_425_040.84,-,-,-
2027-10-06,634,148,0.0033,27_802.63,8_452_843.47,-,-,-
2027-10-07,635,147,0.0033,27_894.38,8_480_737.86,-,-,-
2027-10-08,636,146,0.0033,27_986.43,8_508_724.29,-,-,-
2027-10-11,637,145,0.0033,28_078.79,8_536_803.08,-,-,-
2027-10-12,638,144,0.0033,28_171.45,8_564_974.53,-,-,-
2027-10-13,639,143,0.0033,28_264.42,8_593_238.95,-,-,-
2027-10-14,640,142,0.0033,28_357.69,8_621_596.64,-,-,-
2027-10-15,641,141,0.0033,28_451.27,8_650_047.91,-,-,-
2027-10-18,642,140,0.0033,28_545.16,8_678_593.06,-,-,-
2027-10-19,643,139,0.0033,28_639.36,8_707_232.42,-,-,-
2027-10-20,644,138,0.0033,28_733.87,8_735_966.29,-,-,-
2027-10-21,645,137,0.0033,28_828.69,8_764_794.98,-,-,-
2027-10-22,646,136,0.0033,28_923.82,8_793_718.80,-,-,-
2027-10-25,647,135,0.0033,29_019.27,8_822_738.07,-,-,-
2027-10-26,648,134,0.0033,29_115.04,8_851_853.11,-,-,-
2027-10-27,649,133,0.0033,29_211.12,8_881_064.22,-,-,-
2027-10-28,650,132,0.0033,29_307.51,8_910_371.73,-,-,-
2027-10-29,651,131,0.0033,29_404.23,8_939_775.96,-,-,-
2027-11-01,652,130,0.0033,29_501.26,8_969_277.22,-,-,-
2027-11-02,653,129,0.0033,29_598.61,8_998_875.84,-,-,-
2027-11-03,654,128,0.0033,29_696.29,9_028_572.13,-,-,-
2027-11-04,655,127,0.0033,29_794.29,9_058_366.42,-,-,-
2027-11-05,656,126,0.0033,29_892.61,9_088_259.02,-,-,-
2027-11-08,657,125,0.0033,29_991.25,9_118_250.28,-,-,-
2027-11-09,658,124,0.0033,30_090.23,9_148_340.51,-,-,-
2027-11-10,659,123,0.0033,30_189.52,9_178_530.03,-,-,-
2027-11-11,660,122,0.0033,30_289.15,9_208_819.18,-,-,-
2027-11-12,661,121,0.0033,30_389.10,9_239_208.28,-,-,-
2027-11-15,662,120,0.0033,30_489.39,9_269_697.67,-,-,-
2027-11-16,663,119,0.0033,30_590.00,9_300_287.67,-,-,-
2027-11-17,664,118,0.0033,30_690.95,9_330_978.62,-,-,-
2027-11-18,665,117,0.0033,30_792.23,9_361_770.85,-,-,-
2027-11-19,666,116,0.0033,30_893.84,9_392_664.69,-,-,-
2027-11-22,667,115,0.0033,30_995.79,9_423_660.49,-,-,-
2027-11-23,668,114,0.0033,31_098.08,9_454_758.57,-,-,-
2027-11-24,669,113,0.0033,31_200.70,9_485_959.27,-,-,-
2027-11-25,670,112,0.0033,31_303.67,9_517_262.94,-,-,-
2027-11-26,671,111,0.0033,31_406.97,9_548_669.90,-,-,-
2027-11-29,672,110,0.0033,31_510.61,9_580_180.51,-,-,-
2027-11-30,673,109,0.0033,31_614.60,9_611_795.11,-,-,-
2027-12-01,674,108,0.0033,31_718.92,9_643_514.03,-,-,-
2027-12-02,675,107,0.0033,31_823.60,9_675_337.63,-,-,-
2027-12-03,676,106,0.0033,31_928.61,9_707_266.24,-,-,-
2027-12-06,677,105,0.0033,32_033.98,9_739_300.22,-,-,-
2027-12-07,678,104,0.0033,32_139.69,9_771_439.91,-,-,-
2027-12-08,679,103,0.0033,32_245.75,9_803_685.66,-,-,-
2027-12-09,680,102,0.0033,32_352.16,9_836_037.83,-,-,-
2027-12-10,681,101,0.0033,32_458.92,9_868_496.75,-,-,-
2027-12-13,682,100,0.0033,32_566.04,9_901_062.79,-,-,-
2027-12-14,683,99,0.0033,32_673.51,9_933_736.30,-,-,-
2027-12-15,684,98,0.0033,32_781.33,9_966_517.63,-,-,-
2027-12-16,685,97,0.0033,32_889.51,9_999_407.14,-,-,-
2027-12-17,686,96,0.0033,32_998.04,10_032_405.18,-,-,-
2027-12-20,687,95,0.0033,33_106.94,10_065_512.12,-,-,-
2027-12-21,688,94,0.0033,33_216.19,10_098_728.31,-,-,-
2027-12-22,689,93,0.0033,33_325.80,10_132_054.11,-,-,-
2027-12-23,690,92,0.0033,33_435.78,10_165_489.89,-,-,-
2027-12-24,691,91,0.0033,33_546.12,10_199_036.01,-,-,-
2027-12-27,692,90,0.0033,33_656.82,10_232_692.82,-,-,-
2027-12-28,693,89,0.0033,33_767.89,10_266_460.71,-,-,-
2027-12-29,694,88,0.0033,33_879.32,10_300_340.03,-,-,-
2027-12-30,695,87,0.0033,33_991.12,10_334_331.15,-,-,-
2027-12-31,696,86,0.0033,34_103.29,10_368_434.45,-,-,-
2028-01-03,697,85,0.0033,34_215.83,10_402_650.28,-,-,-
2028-01-04,698,84,0.0033,34_328.75,10_436_979.03,-,-,-
2028-01-05,699,83,0.0033,34_442.03,10_471_421.06,-,-,-
2028-01-06,700,82,0.0033,34_555.69,10_505_976.75,-,-,-
2028-01-07,701,81,0.0033,34_669.72,10_540_646.47,-,-,-
2028-01-10,702,80,0.0033,34_784.13,10_575_430.60,-,-,-
2028-01-11,703,79,0.0033,34_898.92,10_610_329.52,-,-,-
2028-01-12,704,78,0.0033,35_014.09,10_645_343.61,-,-,-
2028-01-13,705,77,0.0033,35_129.63,10_680_473.25,-,-,-
2028-01-14,706,76,0.0033,35_245.56,10_715_718.81,-,-,-
2028-01-17,707,75,0.0033,35_361.87,10_751_080.68,-,-,-
2028-01-18,708,74,0.0033,35_478.57,10_786_559.25,-,-,-
2028-01-19,709,73,0.0033,35_595.65,10_822_154.89,-,-,-
2028-01-20,710,72,0.0033,35_713.11,10_857_868.00,-,-,-
2028-01-21,711,71,0.0033,35_830.96,10_893_698.97,-,-,-
2028-01-24,712,70,0.0033,35_949.21,10_929_648.17,-,-,-
2028-01-25,713,69,0.0033,36_067.84,10_965_716.01,-,-,-
2028-01-26,714,68,0.0033,36_186.86,11_001_902.87,-,-,-
2028-01-27,715,67,0.0033,36_306.28,11_038_209.15,-,-,-
2028-01-28,716,66,0.0033,36_426.09,11_074_635.24,-,-,-
2028-01-31,717,65,0.0033,36_546.30,11_111_181.54,-,-,-
2028-02-01,718,64,0.0033,36_666.90,11_147_848.44,-,-,-
2028-02-02,719,63,0.0033,36_787.90,11_184_636.34,-,-,-
2028-02-03,720,62,0.0033,36_909.30,11_221_545.64,-,-,-
2028-02-04,721,61,0.0033,37_031.10,11_258_576.74,-,-,-
2028-02-07,722,60,0.0033,37_153.30,11_295_730.04,-,-,-
2028-02-08,723,59,0.0033,37_275.91,11_333_005.95,-,-,-
2028-02-09,724,58,0.0033,37_398.92,11_370_404.87,-,-,-
2028-02-10,725,57,0.0033,37_522.34,11_407_927.21,-,-,-
2028-02-11,726,56,0.0033,37_646.16,11_445_573.37,-,-,-
2028-02-14,727,55,0.0033,37_770.39,11_483_343.76,-,-,-
2028-02-15,728,54,0.0033,37_895.03,11_521_238.79,-,-,-
2028-02-16,729,53,0.0033,38_020.09,11_559_258.88,-,-,-
2028-02-17,730,52,0.0033,38_145.55,11_597_404.44,-,-,-
2028-02-18,731,51,0.0033,38_271.43,11_635_675.87,-,-,-
2028-02-21,732,50,0.0033,38_397.73,11_674_073.60,-,-,-
2028-02-22,733,49,0.0033,38_524.44,11_712_598.04,-,-,-
2028-02-23,734,48,0.0033,38_651.57,11_751_249.62,-,-,-
2028-02-24,735,47,0.0033,38_779.12,11_790_028.74,-,-,-
2028-02-25,736,46,0.0033,38_907.09,11_828_935.84,-,-,-
2028-02-28,737,45,0.0033,39_035.49,11_867_971.33,-,-,-
2028-02-29,738,44,0.0033,39_164.31,11_907_135.63,-,-,-
2028-03-01,739,43,0.0033,39_293.55,11_946_429.18,-,-,-
2028-03-02,740,42,0.0033,39_423.22,11_985_852.39,-,-,-
2028-03-03,741,41,0.0033,39_553.31,12_025_405.71,-,-,-
2028-03-06,742,40,0.0033,39_683.84,12_065_089.55,-,-,-
2028-03-07,743,39,0.0033,39_814.80,12_104_904.34,-,-,-
2028-03-08,744,38,0.0033,39_946.18,12_144_850.53,-,-,-
2028-03-09,745,37,0.0033,40_078.01,12_184_928.53,-,-,-
2028-03-10,746,36,0.0033,40_210.26,12_225_138.80,-,-,-
2028-03-13,747,35,0.0033,40_342.96,12_265_481.75,-,-,-
2028-03-14,748,34,0.0033,40_476.09,12_305_957.84,-,-,-
2028-03-15,749,33,0.0033,40_609.66,12_346_567.51,-,-,-
2028-03-16,750,32,0.0033,40_743.67,12_387_311.18,-,-,-
2028-03-17,751,31,0.0033,40_878.13,12_428_189.31,-,-,-
2028-03-20,752,30,0.0033,41_013.02,12_469_202.33,-,-,-
2028-03-21,753,29,0.0033,41_148.37,12_510_350.70,-,-,-
2028-03-22,754,28,0.0033,41_284.16,12_551_634.85,-,-,-
2028-03-23,755,27,0.0033,41_420.40,12_593_055.25,-,-,-
2028-03-24,756,26,0.0033,41_557.08,12_634_612.33,-,-,-
2028-03-27,757,25,0.0033,41_694.22,12_676_306.55,-,-,-
2028-03-28,758,24,0.0033,41_831.81,12_718_138.36,-,-,-
2028-03-29,759,23,0.0033,41_969.86,12_760_108.22,-,-,-
2028-03-30,760,22,0.0033,42_108.36,12_802_216.58,-,-,-
2028-03-31,761,21,0.0033,42_247.31,12_844_463.89,-,-,-
2028-04-03,762,20,0.0033,42_386.73,12_886_850.62,-,-,-
2028-04-04,763,19,0.0033,42_526.61,12_929_377.23,-,-,-
2028-04-05,764,18,0.0033,42_666.94,12_972_044.18,-,-,-
2028-04-06,765,17,0.0033,42_807.75,13_014_851.92,-,-,-
2028-04-07,766,16,0.0033,42_949.01,13_057_800.93,-,-,-
2028-04-10,767,15,0.0033,43_090.74,13_100_891.68,-,-,-
2028-04-11,768,14,0.0033,43_232.94,13_144_124.62,-,-,-
2028-04-12,769,13,0.0033,43_375.61,13_187_500.23,-,-,-
2028-04-13,770,12,0.0033,43_518.75,13_231_018.98,-,-,-
2028-04-14,771,11,0.0033,43_662.36,13_274_681.34,-,-,-
2028-04-17,772,10,0.0033,43_806.45,13_318_487.79,-,-,-
2028-04-18,773,9,0.0033,43_951.01,13_362_438.80,-,-,-
2028-04-19,774,8,0.0033,44_096.05,13_406_534.85,-,-,-
2028-04-20,775,7,0.0033,44_241.57,13_450_776.41,-,-,-
2028-04-21,776,6,0.0033,44_387.56,13_495_163.98,-,-,-
2028-04-24,777,5,0.0033,44_534.04,13_539_698.02,-,-,-
2028-04-25,778,4,0.0033,44_681.00,13_584_379.02,-,-,-
2028-04-26,779,3,0.0033,44_828.45,13_629_207.47,-,-,-
2028-04-27,780,2,0.0033,44_976.38,13_674_183.86,-,-,-
2028-04-28,781,1,0.0033,45_124.81,13_719_308.66,-,-,-
